node_id,lat,lon,category
node/1497793,43.7555309,-79.3346901,highway
node/1498116,43.7255298,-79.3305335,highway
node/1500224,43.7689419,-79.3343753,highway
node/1500294,43.7675254,-79.3343615,highway
node/1500324,43.7666169,-79.3536635,highway
node/1500355,43.7682983,-79.3273776,highway
node/1500367,43.7685461,-79.3265949,highway
node/1500382,43.7687015,-79.3140412,highway
node/1500416,43.7678813,-79.3259759,highway
node/3451579,43.8418054,-79.0646583,highway
node/3451596,43.8395172,-79.0695541,highway
node/3451686,43.8235482,-79.1040558,highway
node/3454742,43.8173318,-79.1132964,highway
node/3458665,43.6481414,-79.3605147,highway
node/3458699,43.6462243,-79.368164,highway
node/3458773,43.6378351,-79.3993498,highway
node/3458805,43.6331047,-79.4283169,highway
node/3458858,43.6341035,-79.4375266,highway
node/3458920,43.6263761,-79.4858841,highway
node/3458959,43.6217305,-79.5050659,highway
node/3458964,43.6203168,-79.5123354,highway
node/18317258,43.7664455,-79.3522707,highway
node/18318860,43.767786,-79.3363094,highway
node/18319127,43.7686716,-79.3311085,highway
node/20650409,43.7665063,-79.3458347,highway
node/20650422,43.7663729,-79.3416992,highway
node/20650453,43.7656473,-79.3397386,highway
node/20650536,43.7714029,-79.3391912,highway
node/20650541,43.7695059,-79.339568,highway
node/20698655,43.7832969,-79.3412654,highway
node/20920958,43.7719041,-79.3390139,highway
node/20920970,43.7666916,-79.3444496,highway
node/20964490,43.6821878,-79.3638748,highway
node/21306147,43.6980999,-79.3405621,highway
node/21306173,43.6999946,-79.3381811,highway
node/21421205,43.6273366,-79.6898655,highway
node/21421401,43.6383154,-79.6607855,highway
node/21421437,43.6660602,-79.5973163,highway
node/21421514,43.6328854,-79.559747,highway
node/21421516,43.6371078,-79.5606462,highway
node/21421534,43.6509899,-79.565995,highway
node/21421540,43.6386483,-79.5606859,highway
node/21421548,43.6178567,-79.5524247,highway
node/21421595,43.7237854,-79.3320698,highway
node/21421611,43.7223676,-79.3283958,highway
node/21426219,43.6276364,-79.5563614,highway
node/21426227,43.6472589,-79.5639128,highway
node/21426240,43.6677855,-79.5732962,highway
node/21426294,43.6733956,-79.5916519,highway
node/21426318,43.6507435,-79.6321359,highway
node/21426322,43.6461403,-79.6443325,highway
node/21426338,43.6444498,-79.6678016,highway
node/21426861,43.6446325,-79.6501259,highway
node/21426892,43.5902088,-79.6558983,highway
node/21426903,43.5579417,-79.6908625,highway
node/21426925,43.6403299,-79.6616395,highway
node/21428990,43.6143043,-79.5477123,highway
node/21429004,43.6149038,-79.5446882,highway
node/21429012,43.61583,-79.5373115,highway
node/21429021,43.6188136,-79.522799,highway
node/21429024,43.620036,-79.5169039,highway
node/21429028,43.6211196,-79.5109091,highway
node/21429045,43.6186159,-79.5209761,highway
node/21429050,43.6196879,-79.5155094,highway
node/21436553,43.6219748,-79.5058764,highway
node/21436557,43.6200649,-79.5155228,highway
node/21436588,43.6722482,-79.5806799,highway
node/21436607,43.6825764,-79.5950675,highway
node/21436614,43.6933386,-79.6047196,highway
node/21436620,43.7141357,-79.617493,highway
node/21436625,43.7451066,-79.629395,highway
node/21489772,43.7707438,-79.3020757,highway
node/21489804,43.7817513,-79.2512998,highway
node/21489845,43.7974806,-79.1904275,highway
node/21489854,43.7992972,-79.1763971,highway
node/21489874,43.8505946,-79.0334738,highway
node/21489888,43.8569049,-79.0057801,highway
node/21489900,43.8476086,-79.0471097,highway
node/21489948,43.7641548,-79.3822128,highway
node/21489963,43.7494865,-79.4147222,highway
node/21489979,43.7336332,-79.4379865,highway
node/21490009,43.7198732,-79.4936173,highway
node/21490016,43.717781,-79.5060179,highway
node/21490028,43.7143365,-79.5313807,highway
node/21490047,43.7013406,-79.5608199,highway
node/21490052,43.6948277,-79.5670057,highway
node/21490063,43.6759858,-79.5783876,highway
node/21490098,43.6563975,-79.6196209,highway
node/21490120,43.6450148,-79.6459689,highway
node/21542878,43.7065395,-79.5554067,highway
node/21542897,43.7211061,-79.4862475,highway
node/21542900,43.7200825,-79.4940963,highway
node/21542912,43.7174857,-79.5055603,highway
node/21542916,43.7174696,-79.5121465,highway
node/21542925,43.7120363,-79.5439775,highway
node/21542928,43.7108465,-79.5480732,highway
node/21542939,43.7241844,-79.4760296,highway
node/21542942,43.7265391,-79.4632492,highway
node/21542963,43.7329342,-79.4406579,highway
node/21542970,43.740339,-79.4258893,highway
node/21543005,43.7657825,-79.3756139,highway
node/21543012,43.7668744,-79.3551817,highway
node/21543026,43.7771616,-79.2735374,highway
node/21543044,43.7712081,-79.3019713,highway
node/21543046,43.769665,-79.305947,highway
node/21543052,43.7954939,-79.201298,highway
node/21543058,43.7941702,-79.21444,highway
node/21543088,43.800338,-79.1693876,highway
node/21554686,43.8415449,-79.5474463,highway
node/21554695,43.8533639,-79.5502524,highway
node/21554698,43.8597609,-79.551533,highway
node/23940543,43.6339546,-79.4712854,highway
node/25644773,43.8128671,-79.5447068,highway
node/25644794,43.7253393,-79.5239512,highway
node/25644819,43.8163494,-79.5449515,highway
node/25777951,43.7908796,-79.3424643,highway
node/25777955,43.8076942,-79.3461593,highway
node/26240111,43.6850641,-79.5988763,highway
node/26658849,43.609832,-79.554197,highway
node/26658858,43.6039485,-79.5606492,highway
node/29657482,43.7127664,-79.4427137,highway
node/29657517,43.7188825,-79.4455067,highway
node/29657588,43.7248629,-79.4473829,highway
node/29657608,43.7309661,-79.4510393,highway
node/29657615,43.7349535,-79.4504897,highway
node/29657618,43.7326571,-79.450375,highway
node/29657644,43.7269837,-79.4478123,highway
node/29657664,43.7270327,-79.4472158,highway
node/29657678,43.7291009,-79.44635,highway
node/29657681,43.7283072,-79.4550219,highway
node/29657684,43.7289298,-79.4515714,highway
node/29657698,43.7334255,-79.4499304,highway
node/29657706,43.7276653,-79.4490768,highway
node/29657709,43.7344056,-79.4371614,highway
node/29657719,43.7309426,-79.4462699,highway
node/29657776,43.7310281,-79.4467821,highway
node/29657782,43.7316452,-79.4443061,highway
node/29658136,43.7300347,-79.4479165,highway
node/29658193,43.737056,-79.450782,highway
node/29658197,43.7411924,-79.4528589,highway
node/29658671,43.7175743,-79.5162277,highway
node/29658784,43.7121733,-79.5106287,highway
node/29658862,43.7157058,-79.5176013,highway
node/29658877,43.7126232,-79.5117974,highway
node/29659096,43.7101173,-79.5014991,highway
node/29659138,43.7690877,-79.5339032,highway
node/29659171,43.7810118,-79.5440639,highway
node/29659182,43.779968,-79.5516375,highway
node/29659214,43.7871252,-79.5195486,highway
node/29659217,43.7856945,-79.5300743,highway
node/29659230,43.7945475,-79.5403192,highway
node/29659256,43.7834501,-79.5350627,highway
node/29659299,43.7885009,-79.5139639,highway
node/29659337,43.8012927,-79.5412672,highway
node/29659361,43.7961799,-79.5410591,highway
node/29659389,43.7841319,-79.5374016,highway
node/29659391,43.7879148,-79.5375062,highway
node/29659450,43.7784751,-79.5578893,highway
node/29659492,43.8258674,-79.4609151,highway
node/29659503,43.8385532,-79.4128807,highway
node/29659509,43.8365205,-79.3897679,highway
node/29659511,43.8366264,-79.3849533,highway
node/29659528,43.8606645,-79.2635361,highway
node/29659601,43.8520767,-79.3004933,highway
node/29659606,43.842425,-79.3473301,highway
node/29659614,43.8375521,-79.3998122,highway
node/29659627,43.8293914,-79.4463894,highway
node/29659711,43.8440108,-79.3711011,highway
node/29659736,43.83963,-79.3634082,highway
node/29659801,43.8412344,-79.355482,highway
node/29659889,43.8411836,-79.3619041,highway
node/29659949,43.837553,-79.3745063,highway
node/29660012,43.8529177,-79.3726355,highway
node/29660093,43.8337267,-79.3651485,highway
node/29660391,43.8697191,-79.3767543,highway
node/32348038,43.7946932,-79.2109585,highway
node/32353778,43.8028599,-79.1377908,highway
node/32355221,43.8010218,-79.1407793,highway
node/32370814,43.7848091,-79.1651081,highway
node/32378001,43.7926644,-79.1522806,highway
node/32409985,43.8225561,-79.1067805,highway
node/32409991,43.8111542,-79.1237452,highway
node/32410781,43.8342914,-79.079865,highway
node/32411523,43.7968401,-79.1592394,highway
node/32422360,43.7914589,-79.2204147,highway
node/32422661,43.7952502,-79.2030957,highway
node/32423231,43.797604,-79.1915654,highway
node/32424693,43.7995811,-79.1722736,highway
node/32424747,43.7980034,-79.1607794,highway
node/32474271,43.7782673,-79.2669907,highway
node/32474298,43.7778358,-79.2698028,highway
node/32474339,43.7797097,-79.2607517,highway
node/32474480,43.7825318,-79.2495458,highway
node/32475202,43.7766989,-79.2789175,highway
node/32475485,43.7729774,-79.2918,highway
node/32567390,43.7004095,-79.5700068,highway
node/32974814,43.7306823,-79.6701964,highway
node/32974827,43.7040116,-79.6810753,highway
node/33540581,43.8034093,-79.136293,highway
node/33540609,43.7999894,-79.1404481,highway
node/36170159,43.7056854,-79.5582636,highway
node/36170540,43.6983226,-79.5793446,highway
node/36171892,43.6973891,-79.6035518,highway
node/36171979,43.69678,-79.5981937,highway
node/36191285,43.6945783,-79.6109244,highway
node/36191301,43.6932225,-79.6108118,highway
node/36191322,43.6899356,-79.6123458,highway
node/36191332,43.6861135,-79.6138268,highway
node/36191337,43.7029724,-79.6115969,highway
node/36191389,43.6918253,-79.6123606,highway
node/36191398,43.700519,-79.6106346,highway
node/36191400,43.6990766,-79.6099298,highway
node/36191487,43.6930453,-79.6117083,highway
node/36191543,43.6836338,-79.6149074,highway
node/36191950,43.6856059,-79.6099174,highway
node/36191979,43.6868306,-79.6151617,highway
node/36192046,43.6848874,-79.6065619,highway
node/36192281,43.6344349,-79.6718878,highway
node/36192283,43.6361597,-79.6667486,highway
node/36192361,43.6336291,-79.6525165,highway
node/36531732,43.7506768,-79.4120702,highway
node/36531895,43.7521888,-79.4093586,highway
node/36532011,43.7554634,-79.4071099,highway
node/36532056,43.7578306,-79.4020481,highway
node/36532943,43.7586985,-79.6151139,highway
node/36533097,43.7518653,-79.6384784,highway
node/36533143,43.7479625,-79.6434925,highway
node/36533692,43.7583974,-79.632535,highway
node/36533755,43.7572736,-79.6232319,highway
node/36533990,43.7541715,-79.6329104,highway
node/37376712,43.7874508,-79.2301741,highway
node/38067020,43.7838921,-79.24035,highway
node/39600150,43.8484575,-79.3146819,highway
node/60408512,43.6734669,-79.572889,highway
node/60408638,43.6825138,-79.5749789,highway
node/60408692,43.6558824,-79.5679102,highway
node/60408700,43.6675065,-79.5728373,highway
node/60408702,43.6698343,-79.5732649,highway
node/60408743,43.6649582,-79.5728824,highway
node/60408762,43.6725549,-79.5734396,highway
node/60408786,43.6738511,-79.5712631,highway
node/60948157,43.6394815,-79.3874545,highway
node/60948192,43.6347321,-79.4707586,highway
node/63555161,43.7472146,-79.4161739,highway
node/63555446,43.744646,-79.4202624,highway
node/63726669,43.7616763,-79.3927643,highway
node/63726835,43.7649555,-79.3804463,highway
node/76477995,43.6189889,-79.6323496,highway
node/76478001,43.6230719,-79.6391013,highway
node/76478060,43.6254975,-79.6424082,highway
node/76478070,43.6207307,-79.6384915,highway
node/76478119,43.6231064,-79.6380117,highway
node/76478134,43.6098217,-79.6345705,highway
node/76478138,43.6046124,-79.6405435,highway
node/76478142,43.5967657,-79.6484342,highway
node/76478149,43.5798692,-79.6664979,highway
node/76478418,43.5088387,-79.6877077,highway
node/76484675,43.5832925,-79.6622958,highway
node/88576242,43.8316847,-79.4357774,highway
node/95619256,43.7534126,-79.6314725,highway
node/95634273,43.6498197,-79.5646668,highway
node/95634419,43.6185834,-79.5531761,highway
node/95634459,43.6145552,-79.5492149,highway
node/95634500,43.6320364,-79.5574937,highway
node/95634608,43.611014,-79.5486041,highway
node/139218119,43.8643443,-79.3749221,highway
node/139221332,43.8781917,-79.3783141,highway
node/139223909,43.8895584,-79.3815677,highway
node/139232345,43.8956274,-79.3826332,highway
node/147147467,43.6747933,-79.6966347,highway
node/147147546,43.6626448,-79.6914569,highway
node/152562847,43.7498021,-79.5293583,highway
node/152571818,43.7549742,-79.5330128,highway
node/202263930,43.6249827,-79.5549382,highway
node/202278078,43.6487213,-79.5653226,highway
node/208533377,43.6395218,-79.387793,highway
node/208539709,43.6454458,-79.3727687,highway
node/208636321,43.7273171,-79.456407,highway
node/247951235,43.7117488,-79.5414247,highway
node/247951300,43.711694,-79.5433853,highway
node/247951327,43.7106061,-79.55014,highway
node/247951386,43.7111231,-79.5539404,highway
node/249710167,43.6515324,-79.5653372,highway
node/249722104,43.772712,-79.2954732,highway
node/249723726,43.7794109,-79.264425,highway
node/249725516,43.7901618,-79.2235186,highway
node/252358566,43.7603883,-79.6082225,highway
node/253345453,43.693337,-79.5690394,highway
node/253346192,43.6886296,-79.5710393,highway
node/253354925,43.6968492,-79.5887643,highway
node/253355307,43.6968584,-79.5921788,highway
node/253356281,43.6916679,-79.611502,highway
node/253357216,43.6857401,-79.6003493,highway
node/253359868,43.7209844,-79.6749886,highway
node/257893676,43.7838834,-79.2426523,highway
node/257902742,43.7385132,-79.6572577,highway
node/259741688,43.7905497,-79.5044021,highway
node/259750092,43.7789068,-79.3411888,highway
node/259750118,43.7764597,-79.3376979,highway
node/261681529,43.7238717,-79.4470136,highway
node/261690714,43.7267097,-79.4592913,highway
node/266593509,43.8127585,-79.1199303,highway
node/267079953,43.7148503,-79.5307636,highway
node/280212163,43.5024855,-79.6785696,highway
node/280217900,43.5517106,-79.6150284,highway
node/280218009,43.5509523,-79.6181446,highway
node/291600206,43.6782089,-79.6944862,highway
node/298543759,43.7178587,-79.6181982,highway
node/298543813,43.7229742,-79.622942,highway
node/298553218,43.7391976,-79.6285591,highway
node/298553350,43.7296963,-79.6260474,highway
node/301331368,43.640523,-79.5616419,highway
node/301331557,43.6399644,-79.5605353,highway
node/310322630,43.6575981,-79.6847567,highway
node/310322757,43.6676388,-79.6988598,highway
node/310322784,43.6627319,-79.6939153,highway
node/313081854,43.5287654,-79.643115,highway
node/313082415,43.5207245,-79.6515533,highway
node/315023679,43.8436291,-79.3373563,highway
node/315023792,43.8468876,-79.3230009,highway
node/317606110,43.5151617,-79.6993147,highway
node/318268330,43.6557228,-79.6196056,highway
node/318268599,43.662506,-79.6081362,highway
node/319036030,43.8653197,-79.2527758,highway
node/319111582,43.8687723,-79.2400129,highway
node/319111720,43.872086,-79.2266167,highway
node/319112962,43.8576265,-79.2751607,highway
node/319113003,43.8547787,-79.2874313,highway
node/319324472,43.8945398,-79.1826807,highway
node/319968069,43.5060912,-79.6675189,highway
node/319968521,43.5133783,-79.6600149,highway
node/320103688,43.5811072,-79.5856401,highway
node/320103709,43.586011,-79.5805825,highway
node/320104051,43.5649251,-79.6032352,highway
node/343008384,43.7151205,-79.5278601,highway
node/345861611,43.6931015,-79.6106263,highway
node/345944844,43.6854069,-79.6074381,highway
node/345949247,43.6858272,-79.6039134,highway
node/375313672,43.5715152,-79.5965313,highway
node/379765447,43.8331793,-79.0836211,highway
node/380612644,43.6426375,-79.5616508,highway
node/383283020,43.8376173,-79.4208171,highway
node/386132318,43.6507641,-79.5662283,highway
node/391883180,43.7716325,-79.5758099,highway
node/391895371,43.7769469,-79.5636375,highway
node/392151573,43.833177,-79.546932,highway
node/411401042,43.6972221,-79.6076898,highway
node/420888042,43.6303493,-79.647215,highway
node/430845147,43.7594594,-79.53204,highway
node/492013361,43.6825561,-79.6925985,highway
node/492013393,43.6925547,-79.6885052,highway
node/520873732,43.6008506,-79.5644642,highway
node/529353976,43.7061881,-79.5560452,highway
node/583411836,43.853129,-79.0216345,highway
node/696644460,43.6170351,-79.529863,highway
node/934209528,43.8761158,-79.2076018,highway
node/934209546,43.8733044,-79.2191661,highway
node/1339099026,43.7232764,-79.3321453,highway
node/1368520331,43.7735156,-79.3395646,highway
node/1381245510,43.7230565,-79.3283633,highway
node/1381298321,43.7288147,-79.4490998,highway
node/1381299231,43.7359125,-79.4345649,highway
node/1381324287,43.714794,-79.5283086,highway
node/1385397925,43.6224869,-79.6341663,highway
node/1385397985,43.6341979,-79.6513871,highway
node/1433175168,43.5504698,-79.6164916,highway
node/1463159828,43.6333134,-79.6769502,highway
node/1463159831,43.6349419,-79.6729306,highway
node/1541575300,43.6673261,-79.5937519,highway
node/1546658908,43.6279923,-79.5548059,highway
node/1553144380,43.6421672,-79.3797671,highway
node/1564504387,43.7367686,-79.3319634,highway
node/1566762724,43.8293668,-79.3642642,highway
node/1576439742,43.6358414,-79.669415,highway
node/1590264535,43.7584741,-79.3338138,highway
node/1590264561,43.7643346,-79.3367429,highway
node/1590280324,43.7626328,-79.3366445,highway
node/1590306772,43.8482159,-79.3714357,highway
node/1590306846,43.8402703,-79.3684616,highway
node/1591980078,43.7813256,-79.3407965,highway
node/1591980139,43.8158958,-79.358077,highway
node/1592086855,43.7757536,-79.3394044,highway
node/1595684837,43.7372537,-79.3322348,highway
node/1615037687,43.7082113,-79.614465,highway
node/1630272797,43.7198403,-79.5214875,highway
node/1640077452,43.8797048,-79.5564823,highway
node/1754065107,43.7656858,-79.3704472,highway
node/1754184665,43.8865857,-79.1892682,highway
node/1889323368,43.6865215,-79.6121741,highway
node/1945506328,43.7951283,-79.4902572,highway
node/1975505551,43.8107802,-79.4796711,highway
node/1975505622,43.8223526,-79.4712146,highway
node/2025468656,43.7579808,-79.3357683,highway
node/2026568138,43.7413302,-79.3322728,highway
node/2034931953,43.7406403,-79.3320843,highway
node/2038506816,43.7206179,-79.3291998,highway
node/2038506920,43.7292606,-79.3307278,highway
node/2043419022,43.7006454,-79.3366031,highway
node/2043419168,43.7017936,-79.3341355,highway
node/2057182576,43.6791396,-79.3674251,highway
node/2057182695,43.6784024,-79.3685698,highway
node/2131495587,43.6762208,-79.5925032,highway
node/2131728888,43.695695,-79.6093154,highway
node/2164826721,43.6661701,-79.6949126,highway
node/2244050240,43.8899534,-79.5587457,highway
node/2258710645,43.6535571,-79.3491808,highway
node/2261930321,43.6602964,-79.354674,highway
node/2295972054,43.6831643,-79.3619059,highway
node/2383882755,43.6697074,-79.5880629,highway
node/2383892888,43.6741113,-79.5685569,highway
node/2714580471,43.6273662,-79.6909409,highway
node/2771660436,43.6356481,-79.4691291,highway
node/3086358024,43.7992995,-79.3447591,highway
node/3171159581,43.6280979,-79.6857933,highway
node/3843529130,43.7656861,-79.6331365,highway
node/4467627671,43.6844717,-79.6056142,highway
node/4569824000,43.86542,-79.5531241,highway
node/4698329903,43.8213157,-79.6563559,highway
node/4742998892,43.5038218,-79.6704517,highway
node/5764710138,43.6491579,-79.6732199,highway
node/5960572545,43.6841146,-79.3616299,highway
node/6655405021,43.6967463,-79.6084706,highway
node/7467260189,43.82276,-79.545661,highway
node/7512508884,43.8019992,-79.6407402,highway
node/7512534365,43.8111495,-79.6508945,highway
node/7512548592,43.7957472,-79.6390386,highway
node/7512672595,43.7848557,-79.6365406,highway
node/7512672600,43.7751662,-79.6351139,highway
node/7895315460,43.7740326,-79.535135,highway
node/9426717928,43.656447,-79.6842403,highway
node/9924411225,43.7699884,-79.55079,hospital
node/12104080211,43.6616543,-79.3828809,hospital
node/108447516,43.6961347,-79.354544,park
node/147134453,43.786175,-79.3954601,park
node/292767952,43.7180429,-79.3596537,park
node/299290515,43.7421281,-79.3692861,park
node/299296632,43.7422502,-79.3715346,park
node/343288369,43.7335675,-79.3172246,park
node/364925801,43.6519157,-79.4903485,park
node/364931637,43.6718999,-79.5144952,park
node/364934335,43.679648,-79.5086588,park
node/364941864,43.6846229,-79.5114331,park
node/364944377,43.6986162,-79.5201794,park
node/368144628,43.7102824,-79.5387914,park
node/368150111,43.7304436,-79.6188843,park
node/368368914,43.7525493,-79.5859201,park
node/558715498,43.7764386,-79.4629628,park
node/558715701,43.8837731,-79.0594051,park
node/560659879,43.8199692,-79.4248144,park
node/808902900,43.7713046,-79.3628919,park
node/1224160700,43.842251,-79.19685,park
node/1768239611,43.8909757,-79.5030159,park
node/1985067732,43.6961763,-79.5135316,park
node/1985067836,43.6977645,-79.5156779,park
node/2178501561,43.5686345,-79.5570772,park
node/2345710336,43.6506629,-79.5249986,park
node/2345778394,43.7466295,-79.5973298,park
node/2345778406,43.7468861,-79.5988149,park
node/2352947263,43.7188832,-79.3275182,park
node/2358057793,43.7469391,-79.3564344,park
node/2358057795,43.7460819,-79.3556849,park
node/2378561750,43.7238192,-79.4150341,park
node/2379216886,43.7795142,-79.447939,park
node/2424416832,43.6401672,-79.4900009,park
node/2434078800,43.7164649,-79.5592563,park
node/2447291688,43.6152238,-79.3772787,park
node/2448963439,43.7847982,-79.2951352,park
node/4017024021,43.7650536,-79.4163002,park
node/4044386606,43.8249984,-79.1965024,park
node/4444060471,43.8728112,-79.2974251,park
node/4635796544,43.7202914,-79.4473052,park
node/4638577997,43.8832404,-79.0867242,park
node/5276524656,43.7321708,-79.5352735,park
node/5278336636,43.870442,-79.326294,park
node/5357974661,43.8321873,-79.5437784,park
node/5357975614,43.8321106,-79.5433987,park
node/5357976787,43.8322398,-79.5440258,park
node/5363808462,43.8722211,-79.3159329,park
node/5368822667,43.8346446,-79.5419304,park
node/5970427778,43.6826547,-79.5117347,park
node/6591077792,43.7722247,-79.3653952,park
node/6907441731,43.8806879,-79.2572198,park
node/6984317119,43.7344147,-79.564462,park
node/7159542169,43.8986895,-79.396227,park
node/7775670083,43.6907496,-79.3418609,park
node/8392213018,43.6671061,-79.3845427,park
node/8409384328,43.7817724,-79.3035752,park
node/8611260207,43.6343601,-79.5410646,park
node/8898757570,43.8780549,-79.3427809,park
node/8946508777,43.6378287,-79.5208279,park
node/8978506878,43.6586881,-79.5556009,park
node/9078062124,43.6608086,-79.5241248,park
node/9078102872,43.6602862,-79.5261959,park
node/9483927677,43.604935,-79.5565955,park
node/9596082843,43.6717357,-79.348701,park
node/9696330542,43.6473526,-79.515936,park
node/9759794001,43.5668364,-79.6806522,park
node/9918137343,43.5979618,-79.6342838,park
node/9998098421,43.7235479,-79.4287543,park
node/10608661979,43.8846067,-79.270577,park
node/10704953188,43.8466648,-79.4299688,park
node/10705559488,43.8469273,-79.4294876,park
node/10705568365,43.8467154,-79.4298073,park
node/10924881881,43.7309514,-79.3128495,park
node/11006264026,43.7796061,-79.3828318,park
node/11673378999,43.8214563,-79.3732867,park
node/11737541958,43.6784568,-79.4913938,park
node/11882563610,43.638242,-79.3899909,park
node/11971023544,43.7359633,-79.2462805,park
node/11987305484,43.7818191,-79.3866504,park
node/12063299514,43.7305812,-79.298884,park
node/12189223291,43.6740065,-79.4951044,park
node/12218989018,43.7051518,-79.3950499,park
node/12324652640,43.8322426,-79.4042774,park
node/144339301,43.6648653,-79.4009793,police
node/267315461,43.6379565,-79.3860574,police
node/392181126,43.5930215,-79.6450639,police
node/723327998,43.6377253,-79.4168994,police
node/1112337224,43.773075,-79.5072248,police
node/1651064303,43.6350192,-79.4176536,police
node/1651064376,43.7137633,-79.4582923,police
node/1651064396,43.7549589,-79.3479091,police
node/1651064404,43.6050863,-79.5034822,police
node/2337211981,43.749558,-79.2882378,police
node/2337214598,43.7564119,-79.551535,police
node/4490585731,43.6950152,-79.5886922,police
node/4597111990,43.5957484,-79.5155279,police
node/6548078845,43.7190647,-79.6370263,police
node/6589766059,43.7757661,-79.2591448,police
node/6597466072,43.8358618,-79.0868902,police
node/12072629314,43.6648109,-79.3045232,police
node/26001540,43.6626246,-79.4194233,school
node/42606916,43.6556033,-79.3942141,school
node/315662044,43.6715674,-79.2965258,school
node/560639597,43.6737954,-79.3884794,school
node/599896648,43.8422022,-79.6306615,school
node/712595018,43.7906646,-79.3028889,school
node/772339429,43.7008418,-79.3863784,school
node/1293985615,43.7078268,-79.387949,school
node/1328165706,43.5605927,-79.5813847,school
node/1815461163,43.779419,-79.37952,school
node/1946334555,43.7638818,-79.4016952,school
node/2329689688,43.6558169,-79.3957299,school
node/2332638609,43.8000753,-79.2780096,school
node/2332655258,43.6635102,-79.3795909,school
node/2332655757,43.6358793,-79.3971291,school
node/2333868792,43.6477437,-79.370378,school
node/2334639726,43.6620445,-79.3502603,school
node/2334698868,43.7823244,-79.3502529,school
node/2336591008,43.6457315,-79.3982244,school
node/2336690053,43.7276394,-79.2565016,school
node/2336695931,43.6791507,-79.3366385,school
node/2391853334,43.6705407,-79.3518463,school
node/2461723494,43.6682517,-79.3868159,school
node/2526930692,43.8178703,-79.4534713,school
node/2619196389,43.6721443,-79.3382977,school
node/3740785317,43.7319011,-79.3475732,school
node/3855202957,43.6372616,-79.6367974,school
node/4295671568,43.6478915,-79.3699556,school
node/4332034938,43.7514373,-79.3499602,school
node/4335948191,43.6571414,-79.5211954,school
node/4367917910,43.7218892,-79.6907575,school
node/4456479981,43.6692644,-79.3970427,school
node/4551131817,43.5199,-79.6501662,school
node/5413471606,43.7784321,-79.3926063,school
node/5413474408,43.7565483,-79.2898992,school
node/5444147981,43.8417568,-79.3759105,school
node/5702957701,43.7806718,-79.4154067,school
node/5813870310,43.7166984,-79.5697191,school
node/6399214527,43.6739208,-79.3231747,school
node/6416761331,43.656363,-79.4056356,school
node/6422118763,43.619025,-79.4997552,school
node/7098473320,43.542113,-79.6380794,school
node/7098518923,43.6316296,-79.6587552,school
node/7099001294,43.6630473,-79.4082858,school
node/7099007329,43.6583653,-79.4187656,school
node/7102270358,43.657459,-79.4218064,school
node/7102270359,43.6683878,-79.4217718,school
node/7102270360,43.6458928,-79.4287623,school
node/7102270361,43.6486675,-79.4362835,school
node/7102270362,43.6571352,-79.4617643,school
node/7102270363,43.7452763,-79.488305,school
node/7102270364,43.6566234,-79.4750852,school
node/7102270365,43.6575152,-79.4740877,school
node/7102270366,43.6614062,-79.4723851,school
node/7102314752,43.6590928,-79.4018052,school
node/7102314753,43.6512238,-79.4024087,school
node/7103319722,43.7844096,-79.441329,school
node/7103345347,43.6905038,-79.436366,school
node/7103345348,43.690826,-79.4370422,school
node/7103519097,43.7593039,-79.4007872,school
node/7103519112,43.7701021,-79.4169474,school
node/7103772320,43.683104,-79.3337238,school
node/7103772321,43.6790012,-79.3235151,school
node/7103787101,43.68261,-79.29912,school
node/7103798478,43.7054872,-79.3435246,school
node/7108062464,43.6527207,-79.441326,school
node/7108065615,43.7947497,-79.3001533,school
node/7108092021,43.7466768,-79.1973066,school
node/7108106148,43.7751281,-79.2151755,school
node/7113185108,43.8156657,-79.4756114,school
node/7113185109,43.8161541,-79.4756012,school
node/7431146528,43.8358474,-79.504955,school
node/7557124942,43.8211148,-79.6075473,school
node/7659648005,43.8107909,-79.339913,school
node/7725077139,43.6390684,-79.3945306,school
node/7725077140,43.6397121,-79.3948348,school
node/7725077141,43.8008577,-79.3013911,school
node/7857202612,43.7165912,-79.4288554,school
node/8042972669,43.8673348,-79.4572856,school
node/8043328772,43.7015673,-79.3960616,school
node/8082789926,43.7614686,-79.2964734,school
node/8372728608,43.8442549,-79.423064,school
node/8372728609,43.844723,-79.4227475,school
node/8590176815,43.7044156,-79.3672942,school
node/8822745454,43.7203145,-79.4311976,school
node/8892230449,43.6390566,-79.5489846,school
node/8961445021,43.6501143,-79.5446311,school
node/9215038517,43.7260881,-79.4173753,school
node/9289182102,43.6478643,-79.4862061,school
node/9657075420,43.6621528,-79.5313716,school
node/9900714432,43.6162384,-79.5077962,school
node/9918144373,43.6030725,-79.6275176,school
node/10056883684,43.6696341,-79.300547,school
node/10131020818,43.684151,-79.275483,school
node/10170308360,43.6494229,-79.5296017,school
node/10170308361,43.6651242,-79.5288135,school
node/10838386668,43.679173,-79.2974843,school
node/10873967822,43.5619876,-79.5679287,school
node/10873982754,43.5653348,-79.5714593,school
node/11093825947,43.6677739,-79.3095435,school
node/11163031924,43.6493113,-79.5615403,school
node/11170257637,43.8504749,-79.4856144,school
node/11177376727,43.6828268,-79.3340808,school
node/11264945447,43.5161925,-79.6363537,school
node/11265003415,43.5228378,-79.6333859,school
node/11284990955,43.6711091,-79.2943042,school
node/11285021544,43.6496191,-79.5299424,school
node/11571442528,43.6237502,-79.4803172,school
node/12326896497,43.6376721,-79.3951393,school
node/12559166955,43.6658963,-79.4064361,school
node/12568750453,43.6523564,-79.451556,school
node/25991314,43.6701851,-79.3902694,station
node/25991463,43.6570301,-79.4529728,station
node/26240971,43.6548199,-79.3882736,station
node/26240972,43.6565367,-79.3810223,station
node/31940472,43.70139,-79.6919794,station
node/32801162,43.7802711,-79.1304992,station
node/32821254,43.7394646,-79.2320997,station
node/32821255,43.7169869,-79.2546806,station
node/34710071,43.6684465,-79.398844,station
node/34710072,43.6508016,-79.3865409,station
node/34710073,43.6477917,-79.3848711,station
node/34710076,43.6489494,-79.3777538,station
node/34710077,43.6529083,-79.3794575,station
node/34710078,43.6606617,-79.3827952,station
node/34710079,43.6655242,-79.3838011,station
node/39597711,43.7860522,-79.284356,station
node/55493312,43.6879512,-79.3936947,station
node/55493345,43.7061229,-79.39853,station
node/55786835,43.7263483,-79.4024743,station
node/56922357,43.7440391,-79.406657,station
node/56922363,43.7812974,-79.4158993,station
node/59980039,43.649826,-79.4943338,station
node/60355167,43.7686787,-79.4126298,station
node/65126732,43.5830451,-79.6240431,station
node/70363937,43.6816776,-79.3905037,station
node/88576501,43.8383187,-79.4233279,station
node/249047471,43.8747978,-79.4266122,station
node/280372903,43.6596838,-79.3901923,station
node/290578819,43.847988,-79.0427908,station
node/318815908,43.8826569,-79.2624676,station
node/344495616,43.7064243,-79.5631531,station
node/379605629,43.8594952,-79.5068973,station
node/379765486,43.8314632,-79.0844135,station
node/380191031,43.8381611,-79.4983215,station
node/420561530,43.7492988,-79.462248,station
node/424028617,43.655569,-79.4595795,station
node/424028625,43.6538668,-79.4668644,station
node/432805453,43.6376161,-79.5355081,station
node/471170591,43.6360095,-79.4188537,station
node/560192986,43.7087117,-79.4406853,station
node/1120475783,43.6825791,-79.6127699,station
node/1120480667,43.6861625,-79.6199591,station
node/1120482031,43.6898667,-79.6157729,station
node/1157217363,43.6707855,-79.3856867,station
node/1552935957,43.7000465,-79.5127589,station
node/1553099843,43.8738256,-79.288858,station
node/2249683136,43.6517026,-79.4759978,station
node/2249683137,43.6499177,-79.4838463,station
node/2481423750,43.6722828,-79.376394,station
node/2707352285,43.6734986,-79.3690458,station
node/3503666885,43.6830012,-79.613438,station
node/4357782894,43.7942413,-79.5274638,station
node/4875013046,43.732429,-79.2637529,station
node/5061304513,43.7535823,-79.4784809,station
node/5061304514,43.764653,-79.491279,station
node/5262888213,43.6641066,-79.4183969,station
node/5318480902,43.7614518,-79.4109148,station
node/5318480907,43.7667987,-79.3873787,station
node/5318484724,43.7691308,-79.3765761,station
node/5318484736,43.775347,-79.3459439,station
node/5318484741,43.7710725,-79.365634,station
node/5319182778,43.697936,-79.3972908,station
node/5320067932,43.6456424,-79.3802085,station
node/5320293105,43.6685404,-79.4047039,station
node/5320293827,43.6668462,-79.3933506,station
node/5320349308,43.6849986,-79.4157296,station
node/5320349317,43.6747046,-79.406983,station
node/5320359169,43.7000172,-79.4363964,station
node/5321922638,43.7344762,-79.4500619,station
node/5321922639,43.7246418,-79.4475031,station
node/5321922640,43.7152827,-79.4439143,station
node/5321964774,43.7833141,-79.5230877,station
node/5321964779,43.7768588,-79.5092824,station
node/5325077186,43.6799212,-79.3449046,station
node/5326455477,43.6481827,-79.5112961,station
node/5326471419,43.645335,-79.5248163,station
node/5326476228,43.6591114,-79.4427866,station
node/5326479603,43.6602635,-79.4353869,station
node/5326487199,43.6623839,-79.4261128,station
node/5326501680,43.6659322,-79.4112359,station
node/5326530554,43.7111204,-79.2790432,station
node/5326535707,43.6948696,-79.288797,station
node/5326541297,43.6890489,-79.3016043,station
node/5326548040,43.6864139,-79.3126246,station
node/5326551838,43.6841524,-79.323043,station
node/5326558129,43.6825599,-79.3302652,station
node/5326559427,43.6810265,-79.3377871,station
node/5409164979,43.7741232,-79.4996291,station
node/6364801758,43.75348,-79.4782844,station
node/6997477908,43.6445345,-79.380381,station
node/6997477909,43.5560546,-79.5870828,station
node/7002769043,43.7051705,-79.6382343,station
node/7003408577,43.6080162,-79.5777401,station
node/7003408578,43.6355371,-79.5375891,station
node/7003408579,43.6166773,-79.4968048,station
node/7003408580,43.6577734,-79.4507397,station
node/7003408582,43.6864333,-79.3003555,station
node/7003408583,43.7326244,-79.2626719,station
node/7003408584,43.7552251,-79.1982293,station
node/7003427085,43.765498,-79.3642688,station
node/7003427086,43.7936472,-79.3713948,station
node/7003427087,43.8231743,-79.3017626,station
node/7003427089,43.5122196,-79.6342424,station
node/8901485524,43.6782277,-79.3525143,station
node/48553740,43.6786172,-79.3457523,supermarket
node/60796350,43.675014,-79.4069106,supermarket
node/214312005,43.6669087,-79.4010556,supermarket
node/241246724,43.688501,-79.3907567,supermarket
node/241270779,43.6755767,-79.4028204,supermarket
node/254315320,43.658216,-79.3768916,supermarket
node/264107390,43.6898921,-79.2889831,supermarket
node/264107691,43.6877825,-79.2848579,supermarket
node/267314164,43.6586568,-79.3846663,supermarket
node/267314474,43.6394101,-79.3805122,supermarket
node/267315345,43.6392311,-79.3853778,supermarket
node/270935057,43.6688741,-79.3060987,supermarket
node/271813303,43.7266499,-79.2997516,supermarket
node/276474902,43.6490236,-79.3731597,supermarket
node/281361239,43.6680319,-79.3720609,supermarket
node/281361618,43.6629585,-79.374966,supermarket
node/281361734,43.6602068,-79.3759714,supermarket
node/286547439,43.6777582,-79.3530371,supermarket
node/297103242,43.7980083,-79.3688481,supermarket
node/302045060,43.7908402,-79.3667359,supermarket
node/302045073,43.7944656,-79.3544452,supermarket
node/302171973,43.7544858,-79.3568496,supermarket
node/302411295,43.7854727,-79.3519255,supermarket
node/302473945,43.7473505,-79.3855761,supermarket
node/303207540,43.6551536,-79.4495878,supermarket
node/308696835,43.6687519,-79.3879316,supermarket
node/310146977,43.6655691,-79.4082588,supermarket
node/317428329,43.6705745,-79.2981684,supermarket
node/321552029,43.8137836,-79.3989573,supermarket
node/339530251,43.7560351,-79.4399163,supermarket
node/357059431,43.7885898,-79.1396049,supermarket
node/367103951,43.7708926,-79.2822142,supermarket
node/368385300,43.6449069,-79.3916381,supermarket
node/371811938,43.6608863,-79.3832231,supermarket
node/372345333,43.6615267,-79.3825865,supermarket
node/372507286,43.6971263,-79.3294834,supermarket
node/380040874,43.6502166,-79.3679879,supermarket
node/380199493,43.7691082,-79.1868613,supermarket
node/380202725,43.7527128,-79.2635392,supermarket
node/380312280,43.8947514,-79.4396841,supermarket
node/382054433,43.6222004,-79.5680919,supermarket
node/383551103,43.7330145,-79.5890847,supermarket
node/386776792,43.7687732,-79.3872517,supermarket
node/387446824,43.6640904,-79.4166176,supermarket
node/387449941,43.6642503,-79.415889,supermarket
node/387456107,43.6650133,-79.4122672,supermarket
node/387772003,43.7775645,-79.3082133,supermarket
node/387792400,43.7339225,-79.3434239,supermarket
node/391013475,43.7687417,-79.4122406,supermarket
node/391166248,43.787994,-79.3805574,supermarket
node/391174565,43.7911841,-79.3672493,supermarket
node/391180767,43.6692366,-79.3861865,supermarket
node/392512380,43.7070475,-79.3994337,supermarket
node/393536004,43.7076137,-79.398336,supermarket
node/400707903,43.6568803,-79.364732,supermarket
node/402150073,43.6456608,-79.3946849,supermarket
node/410375809,43.7198074,-79.509795,supermarket
node/410376790,43.7485292,-79.5617812,supermarket
node/410801728,43.6654414,-79.3519528,supermarket
node/411670085,43.6111843,-79.6006472,supermarket
node/411670118,43.6178522,-79.5945101,supermarket
node/414574534,43.6092143,-79.5858112,supermarket
node/414575811,43.5275043,-79.6750795,supermarket
node/414579649,43.6061377,-79.648854,supermarket
node/414579659,43.6137137,-79.6638215,supermarket
node/414581262,43.6214515,-79.6707836,supermarket
node/414945699,43.5748862,-79.6081875,supermarket
node/414945703,43.5778975,-79.614533,supermarket
node/414951325,43.5796578,-79.6816992,supermarket
node/414951337,43.593442,-79.6668605,supermarket
node/414966347,43.6164579,-79.6431456,supermarket
node/415208015,43.5532552,-79.5841565,supermarket
node/415730512,43.5694912,-79.5671438,supermarket
node/416008820,43.5868438,-79.6984223,supermarket
node/416130760,43.7083728,-79.4769011,supermarket
node/417232563,43.7197433,-79.430591,supermarket
node/421328735,43.7461366,-79.3245982,supermarket
node/431245952,43.6720009,-79.3848558,supermarket
node/431299397,43.7093804,-79.24815,supermarket
node/432772912,43.6629193,-79.531966,supermarket
node/432783544,43.5875662,-79.6449144,supermarket
node/436015841,43.8317951,-79.264872,supermarket
node/436893990,43.784127,-79.203583,supermarket
node/437981048,43.8723563,-79.2661301,supermarket
node/495307176,43.7363998,-79.3452638,supermarket
node/495883888,43.7465518,-79.2008768,supermarket
node/497250938,43.8660295,-79.457938,supermarket
node/498680874,43.655348,-79.3849589,supermarket
node/501616666,43.8235031,-79.4240994,supermarket
node/501985559,43.6807432,-79.4514226,supermarket
node/519921378,43.6565962,-79.3819202,supermarket
node/527025586,43.6475725,-79.4308159,supermarket
node/527033465,43.6434096,-79.4040401,supermarket
node/530787073,43.6452125,-79.4484512,supermarket
node/534020591,43.6675553,-79.3850416,supermarket
node/534020592,43.6681893,-79.3876367,supermarket
node/537074530,43.6887263,-79.3940485,supermarket
node/538159522,43.6884125,-79.4124021,supermarket
node/544651059,43.7232291,-79.4156941,supermarket
node/549033787,43.63685,-79.436777,supermarket
node/551067778,43.7086133,-79.250287,supermarket
node/560196725,43.7052158,-79.4425168,supermarket
node/560196733,43.7036555,-79.4408534,supermarket
node/561181501,43.7460309,-79.2879377,supermarket
node/582753955,43.6978473,-79.3955072,supermarket
node/582930392,43.8298109,-79.122521,supermarket
node/598103300,43.6675471,-79.4408504,supermarket
node/599896644,43.8143828,-79.6064975,supermarket
node/599896656,43.8238612,-79.6092957,supermarket
node/599897446,43.8439665,-79.5577728,supermarket
node/599897453,43.8515995,-79.5359902,supermarket
node/615954940,43.7761811,-79.3248523,supermarket
node/652152144,43.6245847,-79.5894387,supermarket
node/668989553,43.6023814,-79.625912,supermarket
node/678894444,43.7893697,-79.2670092,supermarket
node/682232893,43.6708968,-79.3845092,supermarket
node/683617071,43.8220321,-79.3263892,supermarket
node/691071779,43.6597135,-79.3656451,supermarket
node/699671366,43.5819776,-79.6183182,supermarket
node/708779942,43.5781867,-79.6158957,supermarket
node/726453066,43.5825997,-79.6383729,supermarket
node/732809379,43.5813786,-79.6157892,supermarket
node/763638337,43.6720244,-79.3951584,supermarket
node/767576895,43.646272,-79.387433,supermarket
node/772352280,43.7908435,-79.3919898,supermarket
node/775939140,43.6419126,-79.3754931,supermarket
node/797705352,43.7889824,-79.2685434,supermarket
node/803202334,43.637753,-79.4343077,supermarket
node/823844709,43.6592764,-79.3756754,supermarket
node/828418092,43.6696112,-79.3886007,supermarket
node/836325051,43.6596607,-79.4371487,supermarket
node/837041042,43.7305206,-79.266804,supermarket
node/848372388,43.8408956,-79.3034904,supermarket
node/848374004,43.8334875,-79.3073258,supermarket
node/891977606,43.5811631,-79.6138776,supermarket
node/895259355,43.6484877,-79.3821859,supermarket
node/911632130,43.6259583,-79.6056548,supermarket
node/968464560,43.8656206,-79.2851908,supermarket
node/1023701329,43.7321897,-79.2669376,supermarket
node/1064555104,43.8477955,-79.4614137,supermarket
node/1071837751,43.8460835,-79.4607236,supermarket
node/1073627085,43.8502882,-79.4082462,supermarket
node/1125194004,43.7635305,-79.4111469,supermarket
node/1131532988,43.793037,-79.4483646,supermarket
node/1134233888,43.670371,-79.387079,supermarket
node/1141372978,43.644779,-79.386915,supermarket
node/1141383055,43.6446455,-79.3871543,supermarket
node/1267432262,43.6356761,-79.3987636,supermarket
node/1291264958,43.7083614,-79.3655124,supermarket
node/1309639627,43.587535,-79.625597,supermarket
node/1309646535,43.595577,-79.602825,supermarket
node/1319709209,43.5776801,-79.6026031,supermarket
node/1375337634,43.666606,-79.376233,supermarket
node/1387968035,43.708209,-79.389795,supermarket
node/1407761340,43.5678827,-79.6605222,supermarket
node/1407769531,43.5718549,-79.6582155,supermarket
node/1421538657,43.7766394,-79.4696515,supermarket
node/1422601222,43.8169644,-79.2108073,supermarket
node/1422601336,43.8172129,-79.2112195,supermarket
node/1444959257,43.804731,-79.438491,supermarket
node/1459289096,43.803458,-79.292776,supermarket
node/1471253919,43.6603152,-79.3844864,supermarket
node/1491980930,43.834048,-79.091235,supermarket
node/1500853555,43.6926868,-79.4657378,supermarket
node/1502222352,43.7821024,-79.172206,supermarket
node/1508929939,43.8497606,-79.0219041,supermarket
node/1518406892,43.6474912,-79.4015723,supermarket
node/1569579009,43.5927264,-79.5662959,supermarket
node/1639866940,43.6511181,-79.3663593,supermarket
node/1672922213,43.5119291,-79.6486297,supermarket
node/1685297716,43.6319159,-79.5191103,supermarket
node/1689661489,43.707884,-79.39197,supermarket
node/1727149580,43.8690033,-79.3603219,supermarket
node/1727168611,43.8510793,-79.3565829,supermarket
node/1816234844,43.865422,-79.434913,supermarket
node/1851315083,43.5085379,-79.6303528,supermarket
node/1861805904,43.6012071,-79.5025284,supermarket
node/1862244325,43.5306708,-79.6157709,supermarket
node/1948589745,43.7064574,-79.3596014,supermarket
node/1962058996,43.6198537,-79.5239909,supermarket
node/1962183135,43.792073,-79.418013,supermarket
node/1966025135,43.8622441,-79.4326858,supermarket
node/1997659648,43.521001,-79.685637,supermarket
node/2084949463,43.713857,-79.399687,supermarket
node/2132778188,43.7062466,-79.3605436,supermarket
node/2203975940,43.8067792,-79.4726545,supermarket
node/2243470928,43.72674,-79.3002277,supermarket
node/2266244980,43.6768789,-79.4941913,supermarket
node/2354348584,43.773964,-79.3401694,supermarket
node/2366714885,43.7166344,-79.5545106,supermarket
node/2369253779,43.8572775,-79.303517,supermarket
node/2410396937,43.710897,-79.3990474,supermarket
node/2437943980,43.7913073,-79.4443171,supermarket
node/2454878864,43.6404855,-79.3942463,supermarket
node/2470509496,43.6100852,-79.5475302,supermarket
node/2541753704,43.7606262,-79.2184152,supermarket
node/2546385051,43.6843108,-79.3199899,supermarket
node/2558957633,43.6495869,-79.4333624,supermarket
node/2564794500,43.6060622,-79.5884763,supermarket
node/2613031993,43.8254466,-79.2771774,supermarket
node/2685647164,43.5246714,-79.6830805,supermarket
node/2698193303,43.8424779,-79.1055981,supermarket
node/2701467053,43.8480609,-79.0720979,supermarket
node/2702058047,43.7536755,-79.3493647,supermarket
node/2704255396,43.7178304,-79.4291486,supermarket
node/2767158186,43.7981542,-79.420862,supermarket
node/2775117808,43.8788384,-79.4387548,supermarket
node/2799015801,43.8160597,-79.4528982,supermarket
node/2799258702,43.8106547,-79.4222313,supermarket
node/2799797419,43.8100467,-79.4603891,supermarket
node/2826512751,43.8595641,-79.0369258,supermarket
node/2833168699,43.6722464,-79.3214231,supermarket
node/2840298401,43.7224912,-79.2907226,supermarket
node/2850469552,43.6727316,-79.4707764,supermarket
node/2853037158,43.6016325,-79.5917235,supermarket
node/2856601101,43.726848,-79.2887287,supermarket
node/2866702859,43.8920276,-79.4439082,supermarket
node/2901438692,43.659336,-79.514901,supermarket
node/2908425808,43.8542115,-79.2573986,supermarket
node/2909423024,43.8583353,-79.3335982,supermarket
node/2916190281,43.8496309,-79.3551471,supermarket
node/2916217446,43.857888,-79.322606,supermarket
node/2926526060,43.8773079,-79.4110103,supermarket
node/2926787703,43.7291495,-79.2905685,supermarket
node/2926805701,43.7305937,-79.2849601,supermarket
node/2967604370,43.6500767,-79.3699913,supermarket
node/2997099263,43.8635097,-79.4838813,supermarket
node/3016336373,43.81502,-79.3224323,supermarket
node/3032299219,43.8210226,-79.3986858,supermarket
node/3040164233,43.86194,-79.0209182,supermarket
node/3046668349,43.6600981,-79.3615221,supermarket
node/3096244077,43.7962084,-79.4336165,supermarket
node/3098467663,43.7608195,-79.4104774,supermarket
node/3144748975,43.6818241,-79.4259043,supermarket
node/3229188764,43.6455958,-79.3936809,supermarket
node/3237108605,43.892067,-79.0532159,supermarket
node/3245334360,43.7962796,-79.2710304,supermarket
node/3258796963,43.8807202,-79.3948959,supermarket
node/3283163145,43.7854533,-79.4737629,supermarket
node/3288802961,43.6716106,-79.3781127,supermarket
node/3302606183,43.7144362,-79.3331597,supermarket
node/3306493403,43.7541597,-79.4876884,supermarket
node/3306518480,43.7551773,-79.4883549,supermarket
node/3313337535,43.8004902,-79.2003631,supermarket
node/3318025983,43.8008914,-79.1984187,supermarket
node/3326486318,43.7400242,-79.512093,supermarket
node/3368947344,43.6469377,-79.3911588,supermarket
node/3396318852,43.6415625,-79.4152848,supermarket
node/3403738003,43.8928281,-79.2629631,supermarket
node/3418915694,43.6231048,-79.4827082,supermarket
node/3427101092,43.6361578,-79.4033993,supermarket
node/3435117534,43.7116139,-79.5314839,supermarket
node/3445656550,43.770121,-79.1845116,supermarket
node/3561927415,43.6470368,-79.3789097,supermarket
node/3594694567,43.7461503,-79.4873984,supermarket
node/3594724685,43.7388424,-79.5117315,supermarket
node/3620992885,43.8051165,-79.4196225,supermarket
node/3632330347,43.8676404,-79.0377773,supermarket
node/3648172014,43.7223025,-79.2353624,supermarket
node/3654403517,43.6239316,-79.606083,supermarket
node/3698533565,43.6475091,-79.3810245,supermarket
node/3732233409,43.5752193,-79.6226737,supermarket
node/3740334280,43.7331594,-79.6346329,supermarket
node/3740787162,43.7819453,-79.2922658,supermarket
node/3741392546,43.6866521,-79.3999134,supermarket
node/3748566485,43.5798374,-79.6482331,supermarket
node/3755181758,43.6095576,-79.5491042,supermarket
node/3767279731,43.7924324,-79.2404418,supermarket
node/3790920524,43.8903723,-79.4404621,supermarket
node/3796212747,43.6535606,-79.3943835,supermarket
node/3816467386,43.7752297,-79.2654932,supermarket
node/3864189065,43.8312969,-79.0169149,supermarket
node/3894314045,43.6196015,-79.5509007,supermarket
node/3928979016,43.5781314,-79.6609913,supermarket
node/3932261958,43.5907933,-79.6794195,supermarket
node/3933307437,43.6020235,-79.6712663,supermarket
node/3933918769,43.7036459,-79.2534739,supermarket
node/3956980923,43.5568967,-79.6454835,supermarket
node/3966621834,43.5906124,-79.6718445,supermarket
node/3968908307,43.615162,-79.6607474,supermarket
node/4004435203,43.6355186,-79.622526,supermarket
node/4013809949,43.6790198,-79.3453131,supermarket
node/4015549339,43.6680266,-79.3692816,supermarket
node/4015549348,43.6676089,-79.3691722,supermarket
node/4020625321,43.615788,-79.6171617,supermarket
node/4023857905,43.6620174,-79.3797482,supermarket
node/4100650892,43.6643125,-79.367824,supermarket
node/4228616955,43.7645439,-79.4678185,supermarket
node/4236615849,43.7737154,-79.6124974,supermarket
node/4253506981,43.6634713,-79.3673789,supermarket
node/4253525773,43.6575704,-79.3654115,supermarket
node/4320427326,43.8108293,-79.4524606,supermarket
node/4368028495,43.7246889,-79.6950023,supermarket
node/4378209726,43.6766139,-79.3557694,supermarket
node/4379889589,43.6536038,-79.4510183,supermarket
node/4420814201,43.7521097,-79.2601508,supermarket
node/4425187036,43.6380551,-79.4190063,supermarket
node/4435701086,43.640373,-79.4370233,supermarket
node/4460800873,43.7712351,-79.1843991,supermarket
node/4461076612,43.7073339,-79.3947061,supermarket
node/4462701574,43.7764623,-79.2629281,supermarket
node/4462759877,43.7339059,-79.2592499,supermarket
node/4463416712,43.7610083,-79.2241678,supermarket
node/4483873691,43.8035224,-79.4194239,supermarket
node/4528951890,43.7666527,-79.6588619,supermarket
node/4535947650,43.7711734,-79.6610337,supermarket
node/4602942588,43.8481945,-79.3512936,supermarket
node/4625687051,43.657462,-79.4015575,supermarket
node/4632633054,43.8352767,-79.0887562,supermarket
node/4643369998,43.6908919,-79.290648,supermarket
node/4664668699,43.5201429,-79.68214,supermarket
node/4804929629,43.6550604,-79.4181407,supermarket
node/4858715364,43.7140497,-79.3779615,supermarket
node/4869906504,43.7534673,-79.253342,supermarket
node/4951853433,43.7404061,-79.2331517,supermarket
node/4953740624,43.6427402,-79.4276789,supermarket
node/4968529411,43.8973083,-79.0277105,supermarket
node/5061254768,43.5974765,-79.5950875,supermarket
node/5090693670,43.6731641,-79.3195687,supermarket
node/5120659721,43.6478463,-79.4013857,supermarket
node/5127412877,43.6480134,-79.392845,supermarket
node/5154126004,43.7287448,-79.4179249,supermarket
node/5241595921,43.7406777,-79.3207066,supermarket
node/5262869935,43.8549827,-79.2571588,supermarket
node/5267154723,43.8405775,-79.2533742,supermarket
node/5359367316,43.8467336,-79.5600043,supermarket
node/5368647056,43.7227468,-79.4980559,supermarket
node/5368656861,43.7195884,-79.5115035,supermarket
node/5368912117,43.7639064,-79.3990762,supermarket
node/5379390971,43.7577803,-79.4089167,supermarket
node/5440678721,43.6492676,-79.4233859,supermarket
node/5445582027,43.6687891,-79.3369521,supermarket
node/5467645623,43.7105134,-79.3986923,supermarket
node/5473806721,43.6614997,-79.4492733,supermarket
node/5553286805,43.6521132,-79.379587,supermarket
node/5708784925,43.7360856,-79.5636656,supermarket
node/5709566322,43.7380972,-79.5682343,supermarket
node/5732513225,43.6542154,-79.4001107,supermarket
node/5811645254,43.8850752,-79.4666487,supermarket
node/5825318248,43.7252902,-79.402611,supermarket
node/5954609385,43.6645896,-79.3845907,supermarket
node/5967846486,43.7829306,-79.6783137,supermarket
node/5973488567,43.684172,-79.3649346,supermarket
node/5986863973,43.7792385,-79.4170341,supermarket
node/6096959395,43.6392664,-79.4200024,supermarket
node/6205041786,43.6521389,-79.3973987,supermarket
node/6240360530,43.6464772,-79.4194975,supermarket
node/6310065821,43.6294312,-79.5505171,supermarket
node/6325960670,43.6432145,-79.4476667,supermarket
node/6332343076,43.7203441,-79.600824,supermarket
node/6334392494,43.7564221,-79.5894495,supermarket
node/6341941400,43.7730171,-79.6602353,supermarket
node/6341947267,43.771097,-79.6595943,supermarket
node/6347654890,43.6667909,-79.4468996,supermarket
node/6369148099,43.6546542,-79.407364,supermarket
node/6371122436,43.6692698,-79.375322,supermarket
node/6371265844,43.7692767,-79.5218462,supermarket
node/6373324122,43.6572025,-79.4476761,supermarket
node/6382259855,43.6489999,-79.3718909,supermarket
node/6399214625,43.6788016,-79.2976521,supermarket
node/6475614458,43.5840553,-79.6129364,supermarket
node/6483209308,43.6535654,-79.3979955,supermarket
node/6512005429,43.645222,-79.5231736,supermarket
node/6538318458,43.716871,-79.4472351,supermarket
node/6538687892,43.7258148,-79.4830184,supermarket
node/6542536245,43.8055324,-79.4527561,supermarket
node/6548307606,43.7191271,-79.457862,supermarket
node/6554560739,43.715019,-79.5936915,supermarket
node/6554593065,43.741536,-79.6049514,supermarket
node/6554677046,43.7434176,-79.6053819,supermarket
node/6559074173,43.7857132,-79.5931766,supermarket
node/6562153132,43.7910826,-79.5442101,supermarket
node/6589646933,43.8675856,-79.4125566,supermarket
node/6606279361,43.8460925,-79.0209653,supermarket
node/6606386786,43.8488981,-79.0219553,supermarket
node/6606419417,43.8416969,-79.0238414,supermarket
node/6606459482,43.8435717,-79.0276547,supermarket
node/6606558439,43.8599589,-79.0263392,supermarket
node/6621310461,43.8589231,-79.4885682,supermarket
node/6662835635,43.6494258,-79.417524,supermarket
node/6680665671,43.762572,-79.4106361,supermarket
node/6685669994,43.665799,-79.350503,supermarket
node/6685670208,43.6604732,-79.3421379,supermarket
node/6709004403,43.7540623,-79.4685692,supermarket
node/6766650052,43.6419635,-79.3796955,supermarket
node/6804490485,43.5641299,-79.5792964,supermarket
node/6815860555,43.8614311,-79.0193283,supermarket
node/6815860560,43.8615085,-79.0188348,supermarket
node/6874103129,43.6709811,-79.3873332,supermarket
node/6917300939,43.6713124,-79.2946044,supermarket
node/6994152432,43.6399598,-79.4233369,supermarket
node/7076633776,43.8377789,-79.0896569,supermarket
node/7099942514,43.8520341,-79.5215787,supermarket
node/7170144138,43.8723142,-79.3659749,supermarket
node/7178328454,43.6667283,-79.4685209,supermarket
node/7195257538,43.8517937,-79.5351617,supermarket
node/7195302656,43.8274605,-79.5419689,supermarket
node/7195380403,43.8270082,-79.5584928,supermarket
node/7553017339,43.7284568,-79.4321435,supermarket
node/7553017345,43.7289977,-79.4323771,supermarket
node/7553522081,43.7043536,-79.4922878,supermarket
node/7553790776,43.7815083,-79.4901462,supermarket
node/7557332742,43.7008184,-79.4271017,supermarket
node/7571813650,43.6732482,-79.4688775,supermarket
node/7734505030,43.7957595,-79.2315488,supermarket
node/7745266374,43.7352192,-79.2527434,supermarket
node/7759217325,43.7501438,-79.2775351,supermarket
node/7781394310,43.6608768,-79.3786869,supermarket
node/7813667191,43.61254,-79.6998812,supermarket
node/7859245720,43.7189345,-79.5118741,supermarket
node/7881381264,43.6662777,-79.4383042,supermarket
node/7899974042,43.637136,-79.3991607,supermarket
node/8023696432,43.8171274,-79.6021946,supermarket
node/8024345886,43.8506489,-79.3502505,supermarket
node/8040515388,43.7042642,-79.3972232,supermarket
node/8151600398,43.6706924,-79.2974817,supermarket
node/8288458152,43.8081208,-79.4526939,supermarket
node/8496630299,43.5001978,-79.6610618,supermarket
node/8568139850,43.7038297,-79.4128033,supermarket
node/8818248357,43.6578398,-79.3303826,supermarket
node/8888742984,43.6385451,-79.537566,supermarket
node/8912057527,43.6085899,-79.5842676,supermarket
node/8927797217,43.7593411,-79.2978311,supermarket
node/8974940223,43.8471973,-79.0401854,supermarket
node/9006835241,43.882352,-79.4402568,supermarket
node/9018281184,43.8617331,-79.4326261,supermarket
node/9062393606,43.7602981,-79.4113055,supermarket
node/9104480072,43.6456533,-79.4486289,supermarket
node/9139127804,43.6409627,-79.4012055,supermarket
node/9159058105,43.7267707,-79.3428599,supermarket
node/9353851055,43.680237,-79.3390075,supermarket
node/9353873624,43.6933051,-79.3427256,supermarket
node/9512647975,43.6714265,-79.4235408,supermarket
node/9525954007,43.6607936,-79.358363,supermarket
node/9556263051,43.5787115,-79.6168027,supermarket
node/9626932418,43.6584064,-79.3845993,supermarket
node/9697406933,43.7190753,-79.2835706,supermarket
node/9780603117,43.6856746,-79.5235516,supermarket
node/10078563189,43.6298822,-79.6277993,supermarket
node/10087926795,43.8318528,-79.5338184,supermarket
node/10172428580,43.8071998,-79.5504833,supermarket
node/10236495200,43.6424718,-79.380761,supermarket
node/10289513559,43.8414776,-79.0840192,supermarket
node/10816749843,43.8306855,-79.1227466,supermarket
node/10820481470,43.7343715,-79.6047123,supermarket
node/10844951989,43.7244137,-79.4573091,supermarket
node/10845293439,43.7634154,-79.4994666,supermarket
node/10875495069,43.6967696,-79.5039216,supermarket
node/10893291926,43.6493176,-79.528495,supermarket
node/10900647380,43.5779582,-79.6210028,supermarket
node/10910006403,43.776859,-79.3458512,supermarket
node/10918386575,43.8828977,-79.4417917,supermarket
node/11049774495,43.5509808,-79.6875837,supermarket
node/11143641027,43.8330065,-79.269105,supermarket
node/11163899712,43.6660987,-79.3180575,supermarket
node/11229155922,43.6545596,-79.4013737,supermarket
node/11352851945,43.6162232,-79.6407984,supermarket
node/11415784175,43.6117623,-79.5551095,supermarket
node/11550138057,43.6518799,-79.3775222,supermarket
node/11582657744,43.6941927,-79.4578761,supermarket
node/11582725856,43.6913936,-79.4702819,supermarket
node/11582798793,43.7071424,-79.395634,supermarket
node/11609761766,43.8195707,-79.3903813,supermarket
node/11609834477,43.8200196,-79.3892607,supermarket
node/11612201947,43.7959872,-79.4340091,supermarket
node/11642275879,43.7649247,-79.4121214,supermarket
node/11663544527,43.6438906,-79.3715081,supermarket
node/11773643400,43.6497704,-79.4319221,supermarket
node/11774800150,43.7650999,-79.1913396,supermarket
node/11974058317,43.6085457,-79.58334,supermarket
node/12070412672,43.5798346,-79.6134673,supermarket
node/12195834210,43.5469996,-79.590122,supermarket
node/12212047807,43.7222075,-79.2354061,supermarket
node/12233587228,43.6429646,-79.3957495,supermarket
node/12245054117,43.6507177,-79.4788153,supermarket
node/12250879245,43.7045095,-79.3497844,supermarket
node/12271450602,43.5991698,-79.6792654,supermarket
node/12344862008,43.6487628,-79.3915521,supermarket
node/12371962590,43.8032699,-79.4168543,supermarket
node/12469089907,43.8600572,-79.3048749,supermarket
node/12512826096,43.6809,-79.4718683,supermarket
node/12560884956,43.6606706,-79.3848052,supermarket
node/12566554506,43.6842995,-79.415487,supermarket
node/12583199433,43.7084853,-79.3764438,supermarket
node/12621409886,43.6816308,-79.4734174,supermarket
